,max,avg,min
Memory,184.53236607142858,161.64909993489584,139.23567708333334
Elapsed_time,12.7,12.293999999999999,11.79
Fitness,871.1007156841118,842.4180221472498,813.8103604315113
