,max,avg,min
Memory,214.9671875,179.356171875,142.159375
Elapsed_time,0.34,0.225,0.2
Fitness,336.9168293543493,336.9168293543493,336.9168293543493
