,max,avg,min
Memory,183.6375,161.279921875,138.91640625
Elapsed_time,2.61,2.5100000000000002,2.48
Fitness,593.530414703071,580.7703919872895,572.3670088011495
